-- 유저 더미 데이터
insert into user (user_id, auth) values ('41-6621293', 'jcdyz');
insert into user (user_id, auth) values ('04-1495615', 'nbnla');
insert into user (user_id, auth) values ('16-1130435', 'gsfgy');
insert into user (user_id, auth) values ('83-1707953', 'dfkfl');
insert into user (user_id, auth) values ('77-3918188', 'ykygi');
insert into user (user_id, auth) values ('20-5376886', 'fjsbi');
insert into user (user_id, auth) values ('28-9995621', 'fbxit');
insert into user (user_id, auth) values ('63-6335878', 'jhrhv');
insert into user (user_id, auth) values ('93-5518824', 'oamiu');
insert into user (user_id, auth) values ('81-0132072', 'baotz');
insert into user (user_id, auth) values ('23-1108526', 'zpvct');
insert into user (user_id, auth) values ('93-7477038', 'obxsi');
insert into user (user_id, auth) values ('59-0565332', 'bkbcg');
insert into user (user_id, auth) values ('15-1417719', 'jptbt');
insert into user (user_id, auth) values ('61-4305943', 'tconf');
insert into user (user_id, auth) values ('33-5418274', 'arvvl');
insert into user (user_id, auth) values ('85-0312091', 'fmaoy');
insert into user (user_id, auth) values ('65-7143663', 'vmulo');
insert into user (user_id, auth) values ('24-7535000', 'opxlk');
insert into user (user_id, auth) values ('80-6639235', 'nnmnu');
insert into user (user_id, auth) values ('23-5066476', 'oekph');
insert into user (user_id, auth) values ('16-6836914', 'mhqcp');
insert into user (user_id, auth) values ('99-1834308', 'bfbhm');
insert into user (user_id, auth) values ('85-7493989', 'vlaaq');
insert into user (user_id, auth) values ('50-2250322', 'qrfgx');
insert into user (user_id, auth) values ('94-6948905', 'uydlq');
insert into user (user_id, auth) values ('29-3069486', 'jauiw');
insert into user (user_id, auth) values ('63-7543755', 'oposh');
insert into user (user_id, auth) values ('89-4158585', 'sbxva');
insert into user (user_id, auth) values ('87-2741336', 'ljpde');
insert into user (user_id, auth) values ('93-2529316', 'cwmrd');
insert into user (user_id, auth) values ('96-5404744', 'vrrbb');
insert into user (user_id, auth) values ('59-7200614', 'ncuwp');
insert into user (user_id, auth) values ('22-4764741', 'ttslv');
insert into user (user_id, auth) values ('74-5743522', 'udgpo');
insert into user (user_id, auth) values ('81-3360927', 'miamo');
insert into user (user_id, auth) values ('32-8938650', 'cdtnk');
insert into user (user_id, auth) values ('14-2807419', 'aiggu');
insert into user (user_id, auth) values ('00-9364951', 'esqck');
insert into user (user_id, auth) values ('34-7840895', 'hhnrb');
insert into user (user_id, auth) values ('52-1780793', 'hpecf');
insert into user (user_id, auth) values ('56-7822305', 'lbijh');
insert into user (user_id, auth) values ('37-0006371', 'ghtpb');
insert into user (user_id, auth) values ('67-1328816', 'enrak');
insert into user (user_id, auth) values ('55-0594062', 'vfmxp');
insert into user (user_id, auth) values ('52-9598119', 'ooqtx');
insert into user (user_id, auth) values ('66-4422243', 'wbkaw');
insert into user (user_id, auth) values ('82-7107000', 'gzkpg');
insert into user (user_id, auth) values ('86-9377406', 'wtihw');
insert into user (user_id, auth) values ('01-7292658', 'awptf');
insert into user (user_id, auth) values ('94-1786145', 'ujiqu');
insert into user (user_id, auth) values ('90-4805892', 'izurl');
insert into user (user_id, auth) values ('20-5979634', 'gvrjk');
insert into user (user_id, auth) values ('96-0673689', 'pxgld');
insert into user (user_id, auth) values ('56-5806017', 'njvvz');
insert into user (user_id, auth) values ('59-9366051', 'fpmxq');
insert into user (user_id, auth) values ('68-3271889', 'redot');
insert into user (user_id, auth) values ('92-4449270', 'ncwzq');
insert into user (user_id, auth) values ('75-9826668', 'klfqt');
insert into user (user_id, auth) values ('77-4800476', 'btamr');
insert into user (user_id, auth) values ('59-3216002', 'qrahj');
insert into user (user_id, auth) values ('74-6783364', 'gnbsp');
insert into user (user_id, auth) values ('51-1469677', 'blhrb');
insert into user (user_id, auth) values ('56-5161455', 'bsyhk');
insert into user (user_id, auth) values ('68-4074680', 'jsxla');
insert into user (user_id, auth) values ('91-5813792', 'snvzi');
insert into user (user_id, auth) values ('01-3149542', 'utglx');
insert into user (user_id, auth) values ('83-2972592', 'fpalt');
insert into user (user_id, auth) values ('60-0275034', 'bciam');
insert into user (user_id, auth) values ('94-2384534', 'meniq');
insert into user (user_id, auth) values ('02-0889889', 'zybeb');
insert into user (user_id, auth) values ('83-1103051', 'oydsd');
insert into user (user_id, auth) values ('46-0586275', 'zrole');
insert into user (user_id, auth) values ('49-2290622', 'hbezx');
insert into user (user_id, auth) values ('96-2412737', 'zwjpy');
insert into user (user_id, auth) values ('77-9251810', 'basth');
insert into user (user_id, auth) values ('74-5223868', 'oxwfu');
insert into user (user_id, auth) values ('18-7965299', 'gicwj');
insert into user (user_id, auth) values ('30-9401416', 'eexwc');
insert into user (user_id, auth) values ('07-6573617', 'blwjn');
insert into user (user_id, auth) values ('18-2307611', 'ivcvs');
insert into user (user_id, auth) values ('28-6737588', 'btijc');
insert into user (user_id, auth) values ('31-5003035', 'bxtyq');
insert into user (user_id, auth) values ('60-9381865', 'pvkin');
insert into user (user_id, auth) values ('15-4142075', 'slfco');
insert into user (user_id, auth) values ('52-1040916', 'fgfwh');
insert into user (user_id, auth) values ('97-1157061', 'egzal');
insert into user (user_id, auth) values ('43-5178582', 'kfxea');
insert into user (user_id, auth) values ('76-0547427', 'jeqtj');
insert into user (user_id, auth) values ('97-2835971', 'tdief');
insert into user (user_id, auth) values ('90-7076253', 'ufhln');
insert into user (user_id, auth) values ('39-1106430', 'vuvyh');
insert into user (user_id, auth) values ('95-7424217', 'ersua');
insert into user (user_id, auth) values ('37-7512469', 'yrtsn');
insert into user (user_id, auth) values ('10-9087425', 'ncxhu');
insert into user (user_id, auth) values ('08-0785630', 'xevmh');
insert into user (user_id, auth) values ('24-4449473', 'rpgfs');
insert into user (user_id, auth) values ('15-2097043', 'boyna');
insert into user (user_id, auth) values ('61-2611281', 'mobji');
insert into user (user_id, auth) values ('77-4137909', 'qxave');

-- userInfo 더미 데이터 
insert into userInfo (user_id,jwt_refresh_token, kakao_refresh_token, nick_name, pomo_time) values ('41-6621293','ptxzzmdu', 'zjskbsmi', 'jur', '12');
insert into userInfo (user_id,jwt_refresh_token, kakao_refresh_token, nick_name, pomo_time) values ('04-1495615', 'uoctaant', 'eosprkvq', 'xfh', '42');
insert into userInfo (user_id,jwt_refresh_token, kakao_refresh_token, nick_name, pomo_time) values ('16-1130435','qipahmff', 'ymwvwjcx', 'nuv', '84');
insert into userInfo (user_id,jwt_refresh_token, kakao_refresh_token, nick_name, pomo_time) values ('83-1707953','aoyckplu', 'sonydrko', 'fqh', '98');
insert into userInfo (user_id,jwt_refresh_token, kakao_refresh_token, nick_name, pomo_time) values ('77-3918188','uvcmfjip', 'elougybr', 'unc', '64');
insert into userInfo (user_id,jwt_refresh_token, kakao_refresh_token, nick_name, pomo_time) values ('20-5376886', 'jfdennps', 'mcmyhxvd', 'cgf', '40');
insert into userInfo (user_id,jwt_refresh_token, kakao_refresh_token, nick_name, pomo_time) values ('28-9995621', 'vejzjdwj', 'ddizgghv', 'zsz', '75');
insert into userInfo (user_id,jwt_refresh_token, kakao_refresh_token, nick_name, pomo_time) values ('63-6335878', 'onjhicyf', 'xvfjkkmk', 'kuw', '65');
insert into userInfo (user_id,jwt_refresh_token, kakao_refresh_token, nick_name, pomo_time) values ('93-5518824', 'plxsshdf', 'nlbrtlmw', 'snq', '47');
insert into userInfo (user_id,jwt_refresh_token, kakao_refresh_token, nick_name, pomo_time) values ('81-0132072', 'nsprjkiu', 'etwwvgaw', 'ntr', '65');
insert into userInfo (user_id,jwt_refresh_token, kakao_refresh_token, nick_name, pomo_time) values ('23-1108526','usefovfp', 'xkgenboo', 'yok', '98');
insert into userInfo (user_id,jwt_refresh_token, kakao_refresh_token, nick_name, pomo_time) values ('93-7477038', 'gdrejwtl', 'pidxzavy', 'rtn', '33');
insert into userInfo (user_id,jwt_refresh_token, kakao_refresh_token, nick_name, pomo_time) values ('59-0565332', 'tstrdrie', 'byseuuzw', 'cuk', '72');
insert into userInfo (user_id,jwt_refresh_token, kakao_refresh_token, nick_name, pomo_time) values ('15-1417719', 'rnvhsktp', 'kcwjyjkf', 'mqh', '81');
insert into userInfo (user_id,jwt_refresh_token, kakao_refresh_token, nick_name, pomo_time) values ('61-4305943', 'tcnvohfx', 'brjznlmc', 'oso', '42');
insert into userInfo (user_id,jwt_refresh_token, kakao_refresh_token, nick_name, pomo_time) values ('33-5418274', 'fetqinsn', 'grqubvks', 'pdl', '13');
insert into userInfo (user_id,jwt_refresh_token, kakao_refresh_token, nick_name, pomo_time) values ('85-0312091', 'quozlihb', 'qngjobqz', 'xyi', '70');
insert into userInfo (user_id,jwt_refresh_token, kakao_refresh_token, nick_name, pomo_time) values ('65-7143663', 'edxcdned', 'rrjrigzi', 'wgr', '86');
insert into userInfo (user_id,jwt_refresh_token, kakao_refresh_token, nick_name, pomo_time) values ('24-7535000', 'qzapfjjy', 'zemphxkx', 'dns', '35');
insert into userInfo (user_id,jwt_refresh_token, kakao_refresh_token, nick_name, pomo_time) values ('80-6639235', 'zwoyramd', 'qvapikoh', 'vcu', '06');
insert into userInfo (user_id,jwt_refresh_token, kakao_refresh_token, nick_name, pomo_time) values ('23-5066476','krthwmlq', 'wjpbgnhk', 'ate', '65');
insert into userInfo (user_id,jwt_refresh_token, kakao_refresh_token, nick_name, pomo_time) values ('16-6836914', 'tdwscxxs', 'yxflvpjz', 'iob', '06');
insert into userInfo (user_id,jwt_refresh_token, kakao_refresh_token, nick_name, pomo_time) values ('99-1834308', 'mlgeooww', 'ooqobhjw', 'fkx', '84');
insert into userInfo (user_id,jwt_refresh_token, kakao_refresh_token, nick_name, pomo_time) values ('85-7493989', 'zscrloki', 'ysriybcz', 'crh', '85');
insert into userInfo (user_id,jwt_refresh_token, kakao_refresh_token, nick_name, pomo_time) values ('50-2250322', 'vbogfwzm', 'rfnrxgob', 'huo', '50');
insert into userInfo (user_id,jwt_refresh_token, kakao_refresh_token, nick_name, pomo_time) values ('94-6948905', 'kcnmckwq', 'oxlikxsr', 'lid', '18');
insert into userInfo (user_id,jwt_refresh_token, kakao_refresh_token, nick_name, pomo_time) values ('29-3069486', 'jiqihlmf', 'hngwnzge', 'uci', '85');
insert into userInfo (user_id,jwt_refresh_token, kakao_refresh_token, nick_name, pomo_time) values ('63-7543755','dizxvsmt', 'upciwzgk', 'jmt', '78');
insert into userInfo (user_id,jwt_refresh_token, kakao_refresh_token, nick_name, pomo_time) values ('89-4158585', 'uetikawz', 'wxgllynn', 'kdy', '54');
insert into userInfo (user_id,jwt_refresh_token, kakao_refresh_token, nick_name, pomo_time) values ('87-2741336', 'clmacrny', 'jkzojbna', 'ryy', '08');
insert into userInfo (user_id,jwt_refresh_token, kakao_refresh_token, nick_name, pomo_time) values ('93-2529316', 'tknefovg', 'awttqaor', 'aup', '26');
insert into userInfo (user_id,jwt_refresh_token, kakao_refresh_token, nick_name, pomo_time) values ('96-5404744', 'qvikzolq', 'casitfiq', 'vad', '67');
insert into userInfo (user_id,jwt_refresh_token, kakao_refresh_token, nick_name, pomo_time) values ('59-7200614', 'nncregob', 'jlaodgyd', 'vav', '39');
insert into userInfo (user_id,jwt_refresh_token, kakao_refresh_token, nick_name, pomo_time) values ('22-4764741', 'jguhyvps', 'uzwhafyi', 'hpf', '30');
insert into userInfo (user_id,jwt_refresh_token, kakao_refresh_token, nick_name, pomo_time) values ('74-5743522', 'xohvppdv', 'wzpbjywj', 'idu', '70');
insert into userInfo (user_id,jwt_refresh_token, kakao_refresh_token, nick_name, pomo_time) values ('81-3360927', 'veolnbur', 'ohummsku', 'zga', '93');
insert into userInfo (user_id,jwt_refresh_token, kakao_refresh_token, nick_name, pomo_time) values ('32-8938650','ihliewib', 'kvueqccs', 'cct', '99');
insert into userInfo (user_id,jwt_refresh_token, kakao_refresh_token, nick_name, pomo_time) values ('14-2807419', 'hmubwypm', 'lhqtbbkj', 'pvn', '57');
insert into userInfo (user_id,jwt_refresh_token, kakao_refresh_token, nick_name, pomo_time) values ('00-9364951', 'gpgzdsta', 'dkzlqjum', 'blk', '05');
insert into userInfo (user_id,jwt_refresh_token, kakao_refresh_token, nick_name, pomo_time) values ('34-7840895', 'ojuvnurr', 'whipyifi', 'nam', '64');
insert into userInfo (user_id,jwt_refresh_token, kakao_refresh_token, nick_name, pomo_time) values ('52-1780793', 'uwnfnxnh', 'tmozdxbq', 'ful', '57');
insert into userInfo (user_id,jwt_refresh_token, kakao_refresh_token, nick_name, pomo_time) values ('56-7822305', 'fxvowafa', 'hzbjidek', 'fhi', '84');
insert into userInfo (user_id,jwt_refresh_token, kakao_refresh_token, nick_name, pomo_time) values ('37-0006371', 'wyhpynrw', 'abvbrfot', 'ptx', '77');
insert into userInfo (user_id,jwt_refresh_token, kakao_refresh_token, nick_name, pomo_time) values ('67-1328816', 'pkmxzeta', 'ybktmjwx', 'vov', '72');
insert into userInfo (user_id,jwt_refresh_token, kakao_refresh_token, nick_name, pomo_time) values ('55-0594062', 'zrklngdi', 'qnqvtnwm', 'cvz', '54');
insert into userInfo (user_id,jwt_refresh_token, kakao_refresh_token, nick_name, pomo_time) values ('52-9598119', 'zukaoesd', 'seqcmwlb', 'nhs', '05');
insert into userInfo (user_id,jwt_refresh_token, kakao_refresh_token, nick_name, pomo_time) values ('66-4422243','mgifjkle', 'mfmvbwmg', 'eil', '75');
insert into userInfo (user_id,jwt_refresh_token, kakao_refresh_token, nick_name, pomo_time) values ('82-7107000', 'xjlxfyhj', 'epaniqwr', 'ddf', '79');
insert into userInfo (user_id,jwt_refresh_token, kakao_refresh_token, nick_name, pomo_time) values ('86-9377406', 'dmciwevy', 'fpgfqzcn', 'pzu', '48');
insert into userInfo (user_id,jwt_refresh_token, kakao_refresh_token, nick_name, pomo_time) values ('01-7292658', 'smrsglyq', 'xcxcyvfy', 'gri', '67');
insert into userInfo (user_id,jwt_refresh_token, kakao_refresh_token, nick_name, pomo_time) values ('94-1786145', 'oteolvdp', 'yxdkpawn', 'vxf', '18');
insert into userInfo (user_id,jwt_refresh_token, kakao_refresh_token, nick_name, pomo_time) values ('90-4805892', 'nujniaor', 'qibbtooq', 'orm', '13');
insert into userInfo (user_id,jwt_refresh_token, kakao_refresh_token, nick_name, pomo_time) values ('20-5979634', 'njnofstf', 'wylugrmk', 'hix', '14');
insert into userInfo (user_id,jwt_refresh_token, kakao_refresh_token, nick_name, pomo_time) values ('96-0673689', 'ryytdsvc', 'kpyhmjqr', 'cjv', '39');
insert into userInfo (user_id,jwt_refresh_token, kakao_refresh_token, nick_name, pomo_time) values ('56-5806017', 'jemftqep', 'htwgmeel', 'mrh', '69');
insert into userInfo (user_id,jwt_refresh_token, kakao_refresh_token, nick_name, pomo_time) values ('59-9366051', 'zsdpiqtl', 'jqqhezad', 'wya', '31');
insert into userInfo (user_id,jwt_refresh_token, kakao_refresh_token, nick_name, pomo_time) values ('68-3271889', 'azimatry', 'wxvtgugz', 'szp', '79');
insert into userInfo (user_id,jwt_refresh_token, kakao_refresh_token, nick_name, pomo_time) values ('92-4449270', 'jsegwkqd', 'jgcdskzf', 'bnh', '64');
insert into userInfo (user_id,jwt_refresh_token, kakao_refresh_token, nick_name, pomo_time) values ('75-9826668','kbstyhov', 'zgdktqop', 'llt', '77');
insert into userInfo (user_id,jwt_refresh_token, kakao_refresh_token, nick_name, pomo_time) values ('77-4800476', 'szbkawaf', 'sgxmotpv', 'oec', '08');
insert into userInfo (user_id,jwt_refresh_token, kakao_refresh_token, nick_name, pomo_time) values ('59-3216002', 'eaginqnu', 'kcfutvyo', 'agh', '44');
insert into userInfo (user_id,jwt_refresh_token, kakao_refresh_token, nick_name, pomo_time) values ('74-6783364', 'psqitbbv', 'ovpukzdb', 'ozm', '40');
insert into userInfo (user_id,jwt_refresh_token, kakao_refresh_token, nick_name, pomo_time) values ('51-1469677', 'nsjltqic', 'kevlzzdp', 'sdq', '64');
insert into userInfo (user_id,jwt_refresh_token, kakao_refresh_token, nick_name, pomo_time) values ('56-5161455', 'vfayfwee', 'gyrgnjem', 'wlv', '37');
insert into userInfo (user_id,jwt_refresh_token, kakao_refresh_token, nick_name, pomo_time) values ('68-4074680', 'raafwqbb', 'rnlczybz', 'xgc', '68');
insert into userInfo (user_id,jwt_refresh_token, kakao_refresh_token, nick_name, pomo_time) values ('91-5813792', 'lqdrkatc', 'hqkegvfo', 'euw', '77');
insert into userInfo (user_id,jwt_refresh_token, kakao_refresh_token, nick_name, pomo_time) values ('01-3149542', 'odgreizm', 'uiphmgjv', 'ssg', '28');
insert into userInfo (user_id,jwt_refresh_token, kakao_refresh_token, nick_name, pomo_time) values ('83-2972592', 'vfenipjy', 'pbuywdzy', 'utv', '06');
insert into userInfo (user_id,jwt_refresh_token, kakao_refresh_token, nick_name, pomo_time) values ('60-0275034', 'stslrnvu', 'hnagqppg', 'noy', '89');
insert into userInfo (user_id,jwt_refresh_token, kakao_refresh_token, nick_name, pomo_time) values ('94-2384534', 'bzkpgqhd', 'mwdohbcm', 'sqj', '87');
insert into userInfo (user_id,jwt_refresh_token, kakao_refresh_token, nick_name, pomo_time) values ('02-0889889', 'gohglyzj', 'ulvxzkgy', 'gti', '65');
insert into userInfo (user_id,jwt_refresh_token, kakao_refresh_token, nick_name, pomo_time) values ('83-1103051', 'vgsaurtw', 'uhqwjbvk', 'rxw', '49');
insert into userInfo (user_id,jwt_refresh_token, kakao_refresh_token, nick_name, pomo_time) values ('46-0586275', 'akbbhhsi', 'drmnulbl', 'inq', '96');
insert into userInfo (user_id,jwt_refresh_token, kakao_refresh_token, nick_name, pomo_time) values ('49-2290622', 'pjzzybee', 'zwwapyac', 'axz', '48');
insert into userInfo (user_id,jwt_refresh_token, kakao_refresh_token, nick_name, pomo_time) values ('96-2412737', 'gsvgjxix', 'viflpnda', 'bqs', '53');
insert into userInfo (user_id,jwt_refresh_token, kakao_refresh_token, nick_name, pomo_time) values ('77-9251810', 'qmgvkosc', 'szlyvmpg', 'zlu', '64');
insert into userInfo (user_id,jwt_refresh_token, kakao_refresh_token, nick_name, pomo_time) values ('74-5223868', 'zukfqrnj', 'xhqcdvld', 'zzj', '36');
insert into userInfo (user_id,jwt_refresh_token, kakao_refresh_token, nick_name, pomo_time) values ('18-7965299', 'aoflfoey', 'lbajdvln', 'xfd', '36');
insert into userInfo (user_id,jwt_refresh_token, kakao_refresh_token, nick_name, pomo_time) values ('30-9401416', 'quxghlaf', 'zhlksyzq', 'kez', '34');
insert into userInfo (user_id,jwt_refresh_token, kakao_refresh_token, nick_name, pomo_time) values ('07-6573617', 'lcufzkfa', 'rywgbjux', 'osq', '90');
insert into userInfo (user_id,jwt_refresh_token, kakao_refresh_token, nick_name, pomo_time) values ('18-2307611', 'aecesfjf', 'tzinvsab', 'lli', '66');
insert into userInfo (user_id,jwt_refresh_token, kakao_refresh_token, nick_name, pomo_time) values ('28-6737588', 'pfcuayqy', 'nonrkhmu', 'dbf', '76');
insert into userInfo (user_id,jwt_refresh_token, kakao_refresh_token, nick_name, pomo_time) values ('31-5003035', 'vmseumpe', 'sjpnsgnq', 'xul', '15');
insert into userInfo (user_id,jwt_refresh_token, kakao_refresh_token, nick_name, pomo_time) values ('60-9381865', 'vutkgekz', 'slyzqlze', 'hnk', '10');
insert into userInfo (user_id,jwt_refresh_token, kakao_refresh_token, nick_name, pomo_time) values ('15-4142075', 'sfzqhxcw', 'rygxqkpw', 'eng', '29');
insert into userInfo (user_id,jwt_refresh_token, kakao_refresh_token, nick_name, pomo_time) values ('52-1040916', 'qfdfvaqg', 'wykitxis', 'tpu', '95');
insert into userInfo (user_id,jwt_refresh_token, kakao_refresh_token, nick_name, pomo_time) values ('97-1157061', 'mitqbabi', 'saqrlwjh', 'jxw', '77');
insert into userInfo (user_id,jwt_refresh_token, kakao_refresh_token, nick_name, pomo_time) values ('43-5178582', 'ptqpucpx', 'btztgslh', 'dom', '30');
insert into userInfo (user_id,jwt_refresh_token, kakao_refresh_token, nick_name, pomo_time) values ('76-0547427', 'avvukkvw', 'sicbbpuh', 'cfj', '46');
insert into userInfo (user_id,jwt_refresh_token, kakao_refresh_token, nick_name, pomo_time) values ('97-2835971', 'dfzbesdl', 'xukcuvxk', 'xjt', '23');
insert into userInfo (user_id,jwt_refresh_token, kakao_refresh_token, nick_name, pomo_time) values ('90-7076253', 'ihyzssrk', 'abpeozqi', 'nxh', '04');
insert into userInfo (user_id,jwt_refresh_token, kakao_refresh_token, nick_name, pomo_time) values ('39-1106430', 'zkksweut', 'ohezedlm', 'oqx', '96');
insert into userInfo (user_id,jwt_refresh_token, kakao_refresh_token, nick_name, pomo_time) values ('95-7424217', 'prnocxvu', 'eeipgpfz', 'vqb', '20');
insert into userInfo (user_id,jwt_refresh_token, kakao_refresh_token, nick_name, pomo_time) values ('37-7512469', 'odevcnai', 'ssvjorsc', 'gko', '02');
insert into userInfo (user_id,jwt_refresh_token, kakao_refresh_token, nick_name, pomo_time) values ('10-9087425','kjxbkumt', 'xwghgycy', 'sii', '03');
insert into userInfo (user_id,jwt_refresh_token, kakao_refresh_token, nick_name, pomo_time) values ('08-0785630', 'vwsyfooc', 'hujeeazo', 'yuz', '97');
insert into userInfo (user_id,jwt_refresh_token, kakao_refresh_token, nick_name, pomo_time) values ('24-4449473', 'ztyafqez', 'lmvdppcb', 'kba', '94');
insert into userInfo (user_id,jwt_refresh_token, kakao_refresh_token, nick_name, pomo_time) values ('15-2097043', 'zazlvahh', 'iwptupjf', 'hkh', '98');
insert into userInfo (user_id,jwt_refresh_token, kakao_refresh_token, nick_name, pomo_time) values ('61-2611281', 'teghgjqt', 'rrpeoiqc', 'eiq', '61');
insert into userInfo (user_id,jwt_refresh_token, kakao_refresh_token, nick_name, pomo_time) values ('77-4137909', 'zzhkqste', 'airbyimx', 'kyv', '35');

-- 잔디밭 표현을 위한 하루치 공부량 더미 데이터(userId는 로그인한 유저의 id로 수정해서 사용해야 한다.)
insert into statisticRecord values
('2022-02-11', "V735P0G9XBMVO8J4", 0),
('2022-02-12', "V735P0G9XBMVO8J4", 1234),
('2022-02-16', "V735P0G9XBMVO8J4", 3000),
('2022-02-17', "V735P0G9XBMVO8J4", 0),
('2022-02-18', "V735P0G9XBMVO8J4", 3000),
('2022-02-19', "V735P0G9XBMVO8J4", 5000),
('2022-02-20', "V735P0G9XBMVO8J4", 1600),
('2022-02-21', "V735P0G9XBMVO8J4", 4800),
('2022-02-24', "V735P0G9XBMVO8J4", 4800),
('2022-02-25', "V735P0G9XBMVO8J4", 6000),
('2022-02-26', "V735P0G9XBMVO8J4", 1600),
('2022-03-12', "V735P0G9XBMVO8J4", 1600),
('2022-03-13', "V735P0G9XBMVO8J4", 4000),
('2022-03-14', "V735P0G9XBMVO8J4", 4000),
('2022-03-15', "V735P0G9XBMVO8J4", 3800),
('2022-03-16', "V735P0G9XBMVO8J4", 7258),
('2022-03-17', "V735P0G9XBMVO8J4", 7258),
('2022-03-19', "V735P0G9XBMVO8J4", 1200),
('2022-03-20', "V735P0G9XBMVO8J4", 3000),
('2022-03-22', "V735P0G9XBMVO8J4", 3800),
('2022-03-23', "V735P0G9XBMVO8J4", 4800),
('2022-03-24', "V735P0G9XBMVO8J4", 0),
('2022-03-25', "V735P0G9XBMVO8J4", 7258),
('2022-03-26', "V735P0G9XBMVO8J4", 7258),
('2022-03-27', "V735P0G9XBMVO8J4", 1600),
('2022-03-28', "V735P0G9XBMVO8J4", 3400),
('2022-03-29', "V735P0G9XBMVO8J4", 4300),
('2022-03-30', "V735P0G9XBMVO8J4", 4300),
('2022-04-11', "V735P0G9XBMVO8J4", 3400),
('2022-04-12', "V735P0G9XBMVO8J4", 3000),
('2022-04-13', "V735P0G9XBMVO8J4", 1800),
('2022-04-14', "V735P0G9XBMVO8J4", 9000),
('2022-04-16', "V735P0G9XBMVO8J4", 12345),
('2022-04-17', "V735P0G9XBMVO8J4", 12345),
('2022-04-19', "V735P0G9XBMVO8J4", 90000),
('2022-04-20', "V735P0G9XBMVO8J4", 20000),
('2022-04-21', "V735P0G9XBMVO8J4", 18000),
('2022-04-22', "V735P0G9XBMVO8J4", 15000),
('2022-04-23', "V735P0G9XBMVO8J4", 15000),
('2022-04-24', "V735P0G9XBMVO8J4", 6000),
('2022-04-25', "V735P0G9XBMVO8J4", 1500),
('2022-04-26', "V735P0G9XBMVO8J4", 1000),
('2022-04-27', "V735P0G9XBMVO8J4", 3000),
('2022-05-11', "V735P0G9XBMVO8J4", 3000),
('2022-05-12', "V735P0G9XBMVO8J4", 3000),
('2022-05-13', "V735P0G9XBMVO8J4", 0),
('2022-05-14', "V735P0G9XBMVO8J4", 7000),
('2022-05-15', "V735P0G9XBMVO8J4", 7000),
('2022-05-16', "V735P0G9XBMVO8J4", 7000),
('2022-05-17', "V735P0G9XBMVO8J4", 1500),
('2022-05-18', "V735P0G9XBMVO8J4", 1500),
('2022-05-19', "V735P0G9XBMVO8J4", 1500),
('2022-05-23', "V735P0G9XBMVO8J4", 3800),
('2022-05-24', "V735P0G9XBMVO8J4", 3800),
('2022-05-25', "V735P0G9XBMVO8J4", 3800),
('2022-05-26', "V735P0G9XBMVO8J4", 8000),
('2022-05-27', "V735P0G9XBMVO8J4", 8000),
('2022-05-28', "V735P0G9XBMVO8J4", 8000),
('2022-05-29', "V735P0G9XBMVO8J4", 1500),
('2022-05-30', "V735P0G9XBMVO8J4", 1500),
('2022-06-12', "V735P0G9XBMVO8J4", 3800),
('2022-06-13', "V735P0G9XBMVO8J4", 3000),
('2022-06-16', "V735P0G9XBMVO8J4", 0),
('2022-06-17', "V735P0G9XBMVO8J4", 7258),
('2022-06-18', "V735P0G9XBMVO8J4", 7258),
('2022-06-19', "V735P0G9XBMVO8J4", 7258),
('2022-06-20', "V735P0G9XBMVO8J4", 1000),
('2022-06-22', "V735P0G9XBMVO8J4", 1000),
('2022-06-23', "V735P0G9XBMVO8J4", 1000),
('2022-06-24', "V735P0G9XBMVO8J4", 1000),
('2022-06-26', "V735P0G9XBMVO8J4", 800),
('2022-06-27', "V735P0G9XBMVO8J4", 2500),
('2022-06-28', "V735P0G9XBMVO8J4", 3000),
('2022-06-29', "V735P0G9XBMVO8J4", 3000),
('2022-07-11', "V735P0G9XBMVO8J4", 1500),
('2022-07-12', "V735P0G9XBMVO8J4", 500),
('2022-07-13', "V735P0G9XBMVO8J4", 500),
('2022-07-15', "V735P0G9XBMVO8J4", 9000),
('2022-07-16', "V735P0G9XBMVO8J4", 5000),
('2022-07-17', "V735P0G9XBMVO8J4", 5000),
('2022-07-18', "V735P0G9XBMVO8J4", 3000),
('2022-07-21', "V735P0G9XBMVO8J4", 2000),
('2022-07-22', "V735P0G9XBMVO8J4", 4000),
('2022-07-23', "V735P0G9XBMVO8J4", 8000),
('2022-07-26', "V735P0G9XBMVO8J4", 7258),
('2022-07-27', "V735P0G9XBMVO8J4", 5000),
('2022-07-28', "V735P0G9XBMVO8J4", 7258),
('2022-07-29', "V735P0G9XBMVO8J4", 9000),
('2022-07-30', "V735P0G9XBMVO8J4", 1234),
('2022-07-31', "V735P0G9XBMVO8J4", 1234),
('2022-08-01', "V735P0G9XBMVO8J4", 5000),
('2022-08-02', "V735P0G9XBMVO8J4", 5000),
('2022-08-03', "V735P0G9XBMVO8J4", 6000),
('2022-08-04', "V735P0G9XBMVO8J4", 7258),
('2022-08-08', "V735P0G9XBMVO8J4", 12000),
('2022-08-09', "V735P0G9XBMVO8J4", 7258),
('2022-08-11', "V735P0G9XBMVO8J4", 1000);

-- 공부 기록 더미 데이터 (userId는 로그인한 userId로 수정해서 사용하기)
insert into studyRecord values
(0, HGZSVH85XS7GQ52M, '2022-08-16 14:00:00' , '2022-08-16 14:35:28', "jpa공부" , "00:35:28"),
(0, HGZSVH85XS7GQ52M, '2022-08-16 14:35:28' , '2022-08-16 15:00:00', "자소서 수정" , "00:24:32"),
(0, HGZSVH85XS7GQ52M, '2022-08-16 15:30:14' , '2022-08-16 16:10:27', "포트폴리오 만들기" , "00:40:13"); 

-- 뽀모기록 더미 데이터 (userId는 로그인한 userId로 수정해서 사용하기)
insert into pomo values
(0, "2208017", 30, "423LN410760Y3333", 0),
(0, "2208017", 20, "423LN410760Y3333", 0),
(0, "2208017", 50, "423LN410760Y3333", 2);

-- 방 생성 더미 데이터 
insert into room values
(0, "41-6621293", 22, "abc123", 1, "공부 안할꺼야?", 1, 0, null, "방 언제 올꺼야? 공부해야지!!!!!"),
(0, "63-6335878", 20, "abc123", 1, "오전 5~7시까지 공부하는 새벽방입니다.", 1, 0, null, "매일 공부하는 새벽방"),
(0, "94-6948905", 12, "abc123", 1, "우리은행 코테 준비하는 준비방입니다.", 1, 0, null, "우리은행 준비방"),
(0, "93-2529316", 18, "abc123", 1, "공시 준비하는 방입니다. 지각, 결석 시 벌급있습니다.", 1, 0, null, "2023 9급 일반직 준비방"),
(0, "52-1780793", 12, "abc123", 1, "과제에 치여사는 대학생 환영", 1, 0, null, "밤샘과제방...."),
(0, "86-9377406", 10, "abc123", 1, "같이 자기개발 합시다! 캠 필수!", 1, 0, null, "짬내서 자기개발"),
(0, "96-0673689", 20, "abc123", 1, "스터디 플래너 인증하는 방입니다. 1일 1인증 필수", 1, 0, null, "스터디 인증방"),
(0, "91-5813792", 4, "abc123", 1, "절실하게 공부하기 위한 사람들의 집합체", 1, 0, null, "절신한 사람들의 모임"),
(0, "94-2384534", 8, "abc123", 1, "새벽에 공부하는 사람들 다 여기 모여라! 같이 공부합시다.", 1, 0, null, "새벽공부 같이해요"),
(0, "96-2412737", 10, "abc123", 1, "1일 10시간 필수! ", 1, 0, null, "1일 10h"),
(0, "30-9401416", 8, "abc123", 1, "매일은 아니더라도 주에 4회 이상 출결찍기", 1, 0, null, "갱생 프로젝트"),
(0, "15-4142075", 8, "abc123", 1, "같이 모각코 하실 개발자분들 환영합니다~~", 1, 0, null, "모각코하자!");

 -- 방 참가자 더미 데이터 
 insert into participant values
(0, 1, 41-6621293, 1),
(0, 1, 04-1495615, 0),
(0, 1, 16-1130435, 0),
(0, 2, 63-6335878, 1),
(0, 2, 93-5518824, 0),
(0, 2, 81-0132072, 0),
(0, 3, 94-6948905, 1),
(0, 3, 29-3069486, 0),
(0, 3, 63-7543755, 0),
(0, 4, 93-2529316, 1),
(0, 4, 96-5404744, 0),
(0, 4, 59-7200614, 0),
(0, 5, 52-1780793, 1),
(0, 5, 56-7822305, 0),
(0, 5, 37-0006371, 0),
(0, 6, 86-9377406, 1),
(0, 6, 01-7292658, 0),
(0, 6, 94-1786145, 0),
(0, 7, 96-0673689, 1),
(0, 7, 56-5806017, 0),
(0, 7, 59-9366051, 0),
(0, 8, 91-5813792, 1),
(0, 8, 01-3149542, 0),
(0, 8, 83-2972592, 0),
(0, 9, 94-2384534, 1),
(0, 9, 02-0889889, 0),
(0, 9, 83-1103051, 0),
(0, 10, 96-2412737, 1),
(0, 10, 77-9251810, 0),
(0, 10, 74-5223868, 0),
(0, 11, 30-9401416, 1),
(0, 11, 07-6573617, 0),
(0, 11, 18-2307611, 0),
(0, 12, 15-4142075, 1),
(0, 12, 52-1040916, 0),
(0, 12, 97-1157061, 0);

-- todoList 더미 데이터 (userId는 로그인한 userId로 수정해야 한다.)
insert into todoList values
("AA79FBH0AP063C3Z", '[{"id":1,"content":"jpa 공부","done":true},{"id":2,"content":"토익공부","done":false},{"id":3,"content":"자소서 수정","done":true},{"id":4,"content":"파이썬 공부","done":false},{"id":5,"content":"취업 상담 신청하기","done":false}]'); 

-- roomAction 더미 데이터(userId는 로그인한 userId로 수정해야 한다.) 
insert into roomAction values
(0, "77-4137909", 1, "in"),
(0, "77-4137909", 1, "out"),
(0, "77-4137909", 2, "in"),
(0, "77-4137909", 2, "out"),
(0, "77-4137909", 3, "in"),
(0, "77-4137909", 3, "out");
